{
  "(4, 8, 12, 16)": [
    -84.3599959008976,
    -121.91707730555875,
    -76.65132918923157,
    -135.07206685643965,
    -80.12696952974447,
    -115.0307755695075,
    202.82890335728698,
    -78.6006369215125
  ],
  "(3, 8, 12, 16)": [
    -8.46500703675851,
    -38.94426352865934,
    -37.029374781037625,
    -51.0,
    -28.744263528659346,
    -30.0,
    -43.07658073123036,
    -57.18817091005456
  ],
  "(4, 8, 11, 16)": [
    -28.744263528659346,
    -30.0,
    -28.744263528659346,
    -53.702265383963535,
    -29.646532555331326,
    -58.325939060972516,
    -27.673862216611074,
    -80.55526538396354
  ],
  "(4, 8, 12, 15)": [
    -28.99189160218728,
    -30.0,
    -42.82895265770242,
    15.145300851466864,
    -21.309983631464554,
    -30.0,
    355.88117873159354,
    -78.74185149972978
  ],
  "(4, 7, 12, 15)": [
    -13.908390310976085,
    -30.0,
    -7.008390310976085,
    -22.58737940201734,
    -23.268528912622887,
    -83.19300000000001,
    -1.6083903109760853,
    -33.84426352865934
  ],
  "(4, 7, 11, 15)": [
    -8.42789167601889,
    -65.32426538396355,
    -4.008390310976085,
    -16.908390310976085,
    0.0,
    0.0,
    18.178291176295865,
    0.0
  ],
  "(4, 6, 11, 15)": [
    -1.0083903109760854,
    -30.0,
    -30.0,
    -12.60818312042776,
    0.0,
    0.0,
    0.0,
    -7.008390310976085
  ],
  "(4, 6, 11, 16)": [
    0.0,
    -30.0,
    0.0,
    0.0,
    12.886902448068467,
    -10.008390310976084,
    0.0,
    -30.0
  ],
  "(4, 6, 12, 16)": [
    -9.195780289478066,
    -51.0,
    -52.89226538396355,
    -19.908390310976085,
    -10.157516335067525,
    -67.59226538396354,
    -2.7240176351194396,
    -30.0
  ],
  "(4, 6, 10, 16)": [
    68.89502309130233,
    0.0,
    -24.559237002119424,
    -7.008390310976085,
    0.0,
    0.0,
    0.0,
    0.0
  ],
  "(4, 7, 10, 16)": [
    -4.008390310976085,
    -30.0,
    23.38313401166251,
    -10.008390310976084,
    0.0,
    0.0,
    0.0,
    -30.0
  ],
  "(3, 7, 10, 16)": [
    190.09761099205613,
    -7.008390310976085,
    5.891609689023914,
    -7.008390310976085,
    -48.60880446849275,
    0.0,
    53.504233090119925,
    0.0
  ],
  "(3, 8, 10, 16)": [
    79.6729390136384,
    0.0,
    -4.008390310976085,
    0.0,
    0.0,
    0.0,
    -4.35106751329392,
    0.0
  ],
  "(2, 8, 10, 16)": [
    -30.0,
    1.6076670348649307,
    479.0053412996157,
    100.42118790415392,
    5.510060388870022,
    6.753980275900731,
    23.689239114428062,
    -8.255871615814373
  ],
  "(2, 8, 11, 16)": [
    -49.24325280640818,
    0.0,
    0.0,
    0.0,
    304.94780759541953,
    -17.014263528659345,
    -2.4176556949396284,
    0.0
  ],
  "(2, 8, 12, 16)": [
    -51.0,
    -19.908390310976085,
    -6.227655694939629,
    -30.0,
    105.56498300408799,
    -30.0,
    -9.675528912622887,
    -30.0
  ],
  "(2, 8, 12, 15)": [
    -64.02399333707271,
    -28.744263528659346,
    -4.008390310976085,
    -41.14416074318086,
    -6.814263528659344,
    0.0,
    59.76012981923152,
    0.0
  ],
  "(2, 8, 11, 15)": [
    -56.416433975379604,
    0.0,
    2.850344305060372,
    111.14084446883845,
    22.227049847028972,
    -7.896413400883282,
    470.0233102933118,
    31.57885390157977
  ],
  "(2, 8, 10, 15)": [
    56.76399050310645,
    -3.2014092063881847,
    156.8147263834401,
    -29.21926538396354,
    21.61050473433197,
    -1.858683299553251,
    0.0,
    368.49030773097456
  ],
  "(3, 8, 10, 15)": [
    0.0,
    0.0,
    43.945734464653256,
    0.0,
    -30.0,
    -13.908390310976085,
    0.0,
    -6.227655694939629
  ],
  "(3, 7, 10, 15)": [
    36.76826569703192,
    -0.11339288155846683,
    0.0,
    -3.843357486856818,
    0.0,
    -17.60627173869105,
    349.7801536315911,
    9.30571627772811
  ],
  "(3, 7, 10, 14)": [
    597.9469335860905,
    38.251932935677175,
    0.0,
    35.06537181784278,
    -5.464862425887096,
    200.77568268739955,
    111.75495029799528,
    85.12338555568962
  ],
  "(2, 7, 10, 14)": [
    256.8772569373848,
    294.9760775029184,
    243.2690380520583,
    586.8833058805997,
    306.08197136221906,
    581.4078187018916,
    398.3656941095085,
    253.71345010339962
  ],
  "(2, 8, 10, 14)": [
    302.7975313066602,
    498.6624277090056,
    568.3693529194286,
    328.9862236968005,
    307.0277443200379,
    573.6249792602504,
    364.62723351538637,
    294.22084932698664
  ],
  "(3, 8, 11, 15)": [
    -2.4176556949396284,
    8.879828689883164,
    -16.06376489370215,
    -30.0,
    -4.008390310976085,
    -16.908390310976085,
    0.0,
    0.0
  ],
  "(4, 7, 12, 16)": [
    -28.744263528659346,
    -55.56526538396354,
    -23.810640165001168,
    -99.75878808473631,
    -28.744263528659346,
    -53.702265383963535,
    -37.029374781037625,
    -65.7
  ],
  "(4, 8, 12, 14)": [
    -1.6083903109760853,
    -44.86187912729141,
    7.132570413024242,
    -51.0,
    446.56838574577836,
    58.05529595613917,
    -44.86187912729141,
    -19.908390310976085
  ],
  "(3, 8, 12, 15)": [
    2.2054502366965574,
    -33.84426352865934,
    -30.459374781037624,
    -51.0,
    -13.908390310976085,
    -30.0,
    -0.9696414637141086,
    -24.473655694939627
  ],
  "(3, 7, 12, 15)": [
    -6.814263528659344,
    -16.908390310976085,
    -6.814263528659344,
    -16.908390310976085,
    0.0,
    -30.0,
    0.0,
    -37.029374781037625
  ],
  "(2, 7, 12, 15)": [
    -30.0,
    -23.644263528659344,
    0.0,
    0.0,
    -1.0083903109760854,
    -51.0,
    25.70891634663509,
    -14.567640165001169
  ],
  "(2, 7, 11, 15)": [
    0.0,
    -11.737411968382325,
    41.41706482309991,
    0.0,
    10.829811906853399,
    -6.814263528659344,
    523.8231180189983,
    -3.3305547195395047
  ],
  "(2, 7, 11, 16)": [
    0.0,
    0.0,
    0.0,
    -13.045113356220288,
    12.902625218962372,
    0.0,
    9.187031981322948,
    -27.29575115273802
  ],
  "(4, 7, 12, 14)": [
    1.3916096890239145,
    0.0,
    49.43772604586435,
    -4.608390310976085,
    0.0,
    0.0,
    0.0,
    0.0
  ],
  "(3, 8, 12, 14)": [
    0.0,
    -4.608390310976085,
    0.0,
    0.0,
    24.42776150422271,
    0.0,
    0.0,
    0.0
  ],
  "(3, 8, 11, 14)": [
    572.6480536164513,
    115.11971176965778,
    4.391609689023914,
    104.74162655130203,
    139.28525730623505,
    0.0,
    153.38943663021632,
    -30.459374781037624
  ],
  "(3, 6, 12, 15)": [
    23.64100660375773,
    -4.769655694939628,
    0.0,
    -23.644263528659344,
    0.0,
    0.0,
    0.0,
    -11.914263528659344
  ],
  "(3, 7, 12, 16)": [
    -6.227655694939629,
    -19.908390310976085,
    -3.430628904124469,
    -19.908390310976085,
    -13.908390310976085,
    -30.0,
    -13.908390310976085,
    -51.0
  ],
  "(3, 8, 11, 16)": [
    -6.7981117167544864,
    -24.473655694939627,
    0.0,
    0.0,
    0.0,
    -19.908390310976085,
    0.0,
    -51.0
  ],
  "(4, 8, 10, 16)": [
    -10.587014681397369,
    -30.0,
    -8.421967277578862,
    -51.0,
    -30.0,
    -25.826351501856244,
    -7.008390310976085,
    -30.0
  ],
  "(4, 8, 10, 15)": [
    -3.429383117384265,
    0.0,
    0.0,
    0.0,
    0.0,
    0.0,
    0.0,
    0.0
  ],
  "(4, 7, 10, 15)": [
    0.0,
    0.0,
    0.0,
    0.0,
    0.0,
    0.0,
    39.87376462458144,
    0.0
  ],
  "(4, 7, 10, 14)": [
    41.516767896157994,
    -18.790472668037342,
    27.723344305060373,
    8.291609689023915,
    0.0,
    8.875674256823885,
    -30.0,
    0.0
  ],
  "(2, 7, 10, 15)": [
    166.95844700380962,
    62.82599537680011,
    23.302356882615733,
    10.882859469167107,
    107.18557257824668,
    75.97503643673156,
    599.0951906489784,
    150.76577431961306
  ],
  "(2, 7, 11, 14)": [
    160.04805854348947,
    375.34428354165163,
    524.286643043003,
    499.76200916283847,
    608.8156914759227,
    197.45336926055745,
    370.87546581796164,
    320.2111609708544
  ],