{
  "(4, 8, 12, 16)": [
    -68.68569946414206,
    -68.57133729417231,
    -68.65711369536758,
    -68.57133729417231,
    -68.0262938175931,
    -68.30077488805348,
    270.278062334759,
    -68.57133729417231
  ],
  "(4, 8, 12, 15)": [
    -16.908390310976085,
    -10.70859,
    -16.908390310976085,
    -11.470718999999999,
    -16.908390310976085,
    -11.470718999999999,
    385.0511682902812,
    -34.771846744973836
  ],
  "(4, 7, 12, 15)": [
    -13.908390310976085,
    -3.0,
    -7.008390310976085,
    -22.59884455065389,
    0.0,
    0.0,
    -1.6083903109760853,
    0.0
  ],
  "(4, 7, 12, 14)": [
    0.0,
    0.0,
    506.8163388041765,
    0.0,
    0.0,
    -5.1,
    0.0,
    0.0
  ],
  "(4, 6, 12, 14)": [
    532.6854530135097,
    0.0,
    0.0,
    0.0,
    0.0,
    0.0,
    0.0,
    0.0
  ],
  "(3, 6, 12, 14)": [
    550.0711997450826,
    152.04025893674063,
    7.967221647100877,
    26.032958884012995,
    53.496007763455886,
    0.0,
    145.51909793187272,
    -3.899216335067525
  ],
  "(3, 6, 12, 15)": [
    73.55241346928416,
    -7.008390310976085,
    -6.569999999999999,
    0.0,
    0.0,
    0.0,
    0.0,
    0.0
  ],
  "(4, 6, 12, 15)": [
    -4.008390310976085,
    -3.0,
    -3.0,
    -16.908390310976085,
    0.0,
    0.0,
    0.0,
    0.0
  ],
  "(2, 6, 12, 15)": [
    -5.1,
    -2.4176556949396284,
    0.0,
    -2.206857348609785,
    232.81990374798278,
    0.0,
    0.0,
    6.506471087377111
  ],
  "(2, 6, 12, 16)": [
    -3.0,
    0.0,
    0.0,
    0.0,
    54.59904402373724,
    -3.0,
    0.0,
    0.0
  ],
  "(2, 6, 11, 16)": [
    0.0,
    0.0,
    0.0,
    0.0,
    137.75616287681876,
    0.0,
    16.91883089119954,
    0.0
  ],
  "(2, 6, 10, 16)": [
    -3.0,
    0.0,
    0.0,
    0.0,
    0.0,
    0.0,
    329.2504206167614,
    0.0
  ],
  "(2, 6, 10, 15)": [
    -3.0,
    0.0,
    0.0,
    0.0,
    -5.1,
    0.0,
    500.5226114120876,
    0.0
  ],
  "(2, 6, 10, 14)": [
    0.0,
    0.0,
    0.0,
    573.4069880497673,
    6.003948847261977,
    0.0,
    11.804109660008281,
    0.0
  ],
  "(2, 7, 10, 14)": [
    0.0,
    625.3078085521139,
    158.48090125044894,
    0.0,
    57.316843562381095,
    0.0,
    195.558035514273,
    0.0
  ],
  "(3, 7, 10, 14)": [
    642.805777928906,
    26.87673251483784,
    24.191609689023913,
    11.291609689023915,
    0.0,
    4.391609689023914,
    90.35374803579138,
    5.176977437892665
  ],
  "(3, 6, 10, 14)": [
    40.62334430506037,
    0.0,
    0.0,
    0.0,
    0.0,
    0.0,
    0.0,
    0.0
  ],
  "(4, 7, 10, 14)": [
    100.6962187211258,
    0.0,
    0.0,
    0.0,
    0.0,
    0.0,
    0.0,
    0.0
  ],
  "(3, 7, 11, 14)": [
    14.291609689023915,
    0.0,
    0.0,
    0.0,
    0.0,
    0.0,
    0.0,
    0.0
  ],
  "(2, 7, 11, 14)": [
    0.0,
    0.0,
    0.0,
    0.0,
    0.0,
    0.0,
    0.0,
    0.0
  ],
  "(3, 8, 12, 16)": [
    -21.918374781037627,
    -22.908390310976085,
    -28.744263528659346,
    -19.201715521886996,
    -28.744263528659346,
    -19.201715521886996,
    -28.744263528659346,
    -19.201715521886996
  ],
  "(2, 8, 12, 16)": [
    -3.0,
    -23.005484440976087,
    -7.008390310976085,
    0.0,
    0.0,
    0.0,
    -7.008390310976085,
    0.0
  ],
  "(2, 8, 12, 15)": [
    -3.0,
    -16.908390310976085,
    -4.008390310976085,
    -3.0,
    0.0,
    0.0,
    0.0,
    0.0
  ],
  "(3, 8, 12, 15)": [
    -7.008390310976085,
    -19.908390310976085,
    -13.8790756602589,
    -3.0,
    -13.908390310976085,
    0.0,
    0.0,
    0.0
  ],
  "(2, 7, 12, 15)": [
    -3.0,
    0.0,
    97.7844355787611,
    0.0,
    0.0,
    0.0,
    0.0,
    0.0
  ],
  "(2, 6, 11, 15)": [
    -3.0,
    -1.0083903109760854,
    0.0,
    0.0,
    0.0,
    227.26315059722208,
    0.0,
    0.0
  ],
  "(3, 7, 10, 15)": [
    77.58317454146359,
    0.0,
    0.0,
    0.0,
    9.028456898367338,
    0.0,
    0.0,
    -4.008390310976085
  ],
  "(2, 7, 10, 15)": [
    -5.930913963977289,
    61.30945578977464,
    0.0,
    0.0,
    0.0,
    0.0,
    0.0,
    0.0
  ],
  "(3, 7, 10, 16)": [
    39.88471281921301,
    0.0,
    0.0,
    0.0,
    -3.0,
    0.0,
    0.0,
    0.0
  ],
  "(2, 7, 10, 16)": [
    -3.0,
    -2.4176556949396284,
    133.8965500420453,
    0.0,
    -3.0,
    0.0,
    0.0,
    0.0
  ],
  "(4, 8, 11, 15)": [
    -13.908390310976085,
    -3.0,
    -13.908390310976085,
    -3.0,
    -7.008390310976085,
    -21.285390310976087,
    -1.6083903109760853,
    0.0
  ],
  "(3, 8, 11, 15)": [
    -4.008390310976085,
    -16.908390310976085,
    -10.908390310976085,
    0.0,
    0.0,
    0.0,
    0.0,
    0.0
  ],
  "(2, 8, 11, 15)": [
    -3.0,
    0.0,
    -1.0083903109760854,
    0.0,
    0.0,
    0.0,
    0.0,
    0.0
  ],
  "(2, 7, 11, 15)": [
    -3.0,
    -10.908390310976085,
    15.434798727943148,
    0.0,
    0.0,
    0.0,
    0.0,
    0.0
  ],
  "(3, 7, 11, 15)": [
    -1.0083903109760854,
    -13.908390310976085,
    1.3923443050603714,
    0.0,
    0.0,
    0.0,
    0.0,
    0.0
  ],
  "(3, 6, 11, 15)": [
    0.0,
    -4.008390310976085,
    0.0,
    0.0,
    25.49366387035245,
    0.0,
    0.0,
    0.0
  ],
  "(4, 6, 11, 15)": [
    -1.0083903109760854,
    -3.0,
    -3.0,
    -13.908390310976085,
    0.0,
    0.0,
    0.0,
    0.0
  ],
  "(3, 6, 10, 15)": [
    155.14206620754305,
    0.0,
    0.0,
    0.0,
    0.0,
    0.0,
    0.0,
    0.0
  ],
  "(3, 8, 10, 14)": [
    92.78045018122782,
    0.0,
    42.84793718578256,
    0.0,
    0.0,
    0.0,
    0.0,
    0.0
  ],
  "(2, 8, 10, 14)": [
    -3.0,
    83.68368160030458,
    0.0,
    0.0,
    0.0,
    0.0,
    0.0,
    0.0
  ],
  "(4, 7, 12, 16)": [
    -28.744263528659346,
    -19.201715521886996,
    -17.014263528659345,
    -28.74731960615829,
    -28.744263528659346,
    -19.201715521886996,
    -28.744263528659346,
    -19.201715521886996
  ],
  "(3, 7, 12, 16)": [
    -7.008390310976085,
    -19.908390310976085,
    -5.186682252669837,
    -20.718390310976087,
    -13.908390310976085,
    0.0,
    0.0,
    0.0
  ],
  "(2, 7, 12, 16)": [
    -3.0,
    -16.908390310976085,
    14.287657190249456,
    0.0,
    0.0,
    0.0,
    0.0,
    0.0
  ],
  "(4, 6, 12, 16)": [
    -7.008390310976085,
    -3.0,
    -3.0,
    -23.005484440976087,
    0.0,
    0.0,
    0.0,
    0.0
  ],
  "(3, 6, 12, 16)": [
    14.23104060067545,
    0.0,
    0.0,
    0.0,
    0.0,
    0.0,
    0.0,
    0.0
  ],
  "(4, 8, 11, 16)": [
    -28.744263528659346,
    -19.201715521886996,
    -28.744263528659346,
    -19.201715521886996,
    -17.014263528659345,
    -32.04634146371411,
    -28.744263528659346,
    -19.201715521886996
  ],
  "(3, 8, 11, 16)": [
    -7.008390310976085,
    -19.908390310976085,
    -13.908390310976085,
    -3.0,
    -5.681141463714108,
    -24.473655694939627,
    -13.908390310976085,
    -3.0
  ],
  "(2, 8, 11, 16)": [
    -3.0,
    -16.908390310976085,
    0.0,
    0.0,
    0.0,
    0.0,
    0.0,
    0.0
  ],
  "(4, 7, 11, 16)": [
    -13.908390310976085,
    -3.0,
    -7.008390310976085,
    -21.504090310976085,
    -7.008390310976085,
    0.0,
    0.0,
    0.0
  ],
  "(3, 7, 11, 16)": [
    -4.008390310976085,
    -16.908390310976085,
    1.1723679833919125,
    -16.908390310976085,
    0.0,
    0.0,
    0.0,
    0.0
  ],
  "(2, 7, 11, 16)": [
    -3.0,
    -13.908390310976085,
    0.0,
    0.0,
    0.0,
    0.0,
    0.0,
    0.0
  ],
  "(4, 6, 11, 16)": [
    -4.008390310976085,
    0.0,
    0.0,
    0.0,
    0.0,
    0.0,
    0.0,
    0.0
  ],
  "(3, 6, 11, 16)": [
    19.187993682844436,
    0.0,
    0.0,
    0.0,
    0.0,
    0.0,
    0.0,
    0.0
  ],
  "(4, 8, 10, 16)": [
    -7.008390310976085,
    -3.0,
    -7.008390310976085,
    0.0,
    0.0,
    0.0,
    0.0,
    0.0
  ],
  "(3, 8, 10, 16)": [
    9.884532903741517,
    0.0,
    0.0,
    0.0,
    0.0,
    0.0,
    0.0,
    0.0
  ],
  "(2, 8, 10, 16)": [
    -3.0,
    -6.227655694939629,
    32.54900252710376,
    0.0,
    0.0,
    0.0,
    0.0,
    0.0
  ],