{
  "(4, 8, 12, 16)": [
    -79.56490853315957,
    -52.79485116061727,
    -73.90634112675569,
    -76.31225955,
    -77.61726491542736,
    -77.32433930515376,
    140.16495475627383,
    -54.978154235335495
  ],
  "(3, 8, 12, 16)": [
    -27.754267171367783,
    -84.44312605387643,
    -28.744263528659346,
    -28.202265383963542,
    -30.636528912622886,
    -29.549999999999997,
    -19.54235702244177,
    -39.735
  ],
  "(2, 8, 12, 16)": [
    -15.0,
    -43.524101746239,
    -11.133528912622888,
    -15.0,
    -7.008390310976085,
    -15.0,
    0.0,
    -15.0
  ],
  "(2, 8, 11, 16)": [
    -15.0,
    -16.908390310976085,
    10.584205007341515,
    -15.0,
    0.0,
    0.0,
    -3.5626960127839875,
    0.0
  ],
  "(3, 8, 11, 16)": [
    -7.008390310976085,
    -19.908390310976085,
    -13.908390310976085,
    -15.0,
    -10.587014681397369,
    -33.84426352865934,
    -13.908390310976085,
    -15.0
  ],
  "(4, 8, 11, 16)": [
    -28.744263528659346,
    -39.3354369215125,
    -37.029374781037625,
    -29.549999999999997,
    -25.351252657702425,
    -55.986454471681554,
    -28.744263528659346,
    -29.549999999999997
  ],
  "(4, 8, 12, 15)": [
    -37.029374781037625,
    -18.167011981997128,
    -28.744263528659346,
    -20.008806678103245,
    -37.029374781037625,
    -40.11025115273802,
    238.5944662826347,
    -35.05236812795989
  ],
  "(4, 8, 11, 15)": [
    -2.360052787703678,
    -15.0,
    -5.91432834003123,
    0.0,
    -7.008390310976085,
    -33.84426352865934,
    0.0,
    0.0
  ],
  "(3, 8, 12, 15)": [
    -7.285256335067524,
    -33.84426352865934,
    -13.908390310976085,
    -15.0,
    -23.718728885088968,
    -32.85,
    125.10537761300279,
    0.0
  ],
  "(2, 8, 12, 15)": [
    15.12354173901609,
    -25.600249834666002,
    0.0,
    25.710020956327355,
    63.76017089861467,
    40.56770139504536,
    306.47495871591804,
    0.0
  ],
  "(2, 8, 12, 14)": [
    172.1564764881493,
    275.6283242369234,
    231.3373438914566,
    237.00332769162807,
    376.50330960399003,
    244.52672471253314,
    168.9306584250177,
    209.6055281225811
  ],
  "(2, 8, 11, 14)": [
    226.21547669562102,
    229.26879222787701,
    305.0219010798137,
    227.18623067053457,
    464.63253817781697,
    323.7533054910925,
    209.99110508977742,
    220.06222996245003
  ],
  "(2, 8, 11, 15)": [
    40.433138685683446,
    -12.709497348609785,
    5.797408045950482,
    23.770504190958476,
    50.24269915145304,
    43.16233353691175,
    305.2619680784972,
    -14.292377009575796
  ],
  "(3, 8, 11, 14)": [
    310.59326622876506,
    0.0,
    29.42637592847688,
    -4.814347661283693,
    55.39686233080185,
    82.82402445605555,
    0.0,
    -9.943304489829815
  ],
  "(3, 8, 10, 14)": [
    110.42470927569559,
    0.0,
    35.986200584993355,
    0.0,
    -15.0,
    0.0,
    -4.032778352899123,
    0.0
  ],
  "(2, 8, 10, 14)": [
    -15.352518613324794,
    46.17655198089173,
    546.2671425817364,
    -5.805683360600915,
    5.099507841717427,
    57.17298910039046,
    -10.138670732751766,
    32.45726394438818
  ],
  "(2, 8, 10, 15)": [
    -15.0,
    0.0,
    0.0,
    -3.20883396397729,
    0.0,
    22.923335745989366,
    197.01885932945913,
    2.8916096890239147
  ],
  "(2, 7, 10, 14)": [
    0.24314870061968819,
    590.978545962892,
    34.09160968902391,
    111.08644241935039,
    -11.141265383963544,
    14.291609689023915,
    -22.162276679242712,
    29.839197421925427
  ],
  "(2, 7, 11, 14)": [
    -11.755248564774078,
    48.338072530227095,
    53.03336811844153,
    324.5616338271495,
    72.49060699045651,
    0.0,
    48.8198714069579,
    29.82939447835585
  ],
  "(4, 7, 12, 16)": [
    -28.744263528659346,
    -37.41526538396354,
    -25.351252657702425,
    -42.994263528659346,
    -28.744263528659346,
    -29.549999999999997,
    -28.744263528659346,
    -32.85
  ],
  "(4, 7, 11, 16)": [
    -13.908390310976085,
    -15.0,
    -7.008390310976085,
    -33.84426352865934,
    -6.444752756396498,
    -19.908390310976085,
    -10.171234695598653,
    0.0
  ],
  "(3, 7, 11, 16)": [
    -2.4176556949396284,
    -16.908390310976085,
    -4.008390310976085,
    -16.908390310976085,
    -1.2664473486097851,
    -16.908390310976085,
    -8.377312097258423,
    0.0
  ],
  "(3, 8, 11, 15)": [
    -4.008390310976085,
    0.0,
    0.0,
    -15.0,
    0.0,
    -16.908390310976085,
    125.2628878239469,
    -16.908390310976085
  ],
  "(2, 7, 11, 15)": [
    0.0,
    -9.209680100427319,
    9.076956882615734,
    5.17149587302873,
    16.70647108737711,
    0.0,
    122.0913735849138,
    -4.008390310976085
  ],
  "(2, 7, 11, 16)": [
    -21.528578252899123,
    -23.644263528659344,
    43.90675303048656,
    -7.008390310976085,
    0.0,
    -6.227655694939629,
    0.0,
    0.0
  ],
  "(3, 7, 10, 14)": [
    63.19722478556019,
    66.25801089998019,
    637.9741233735805,
    34.28279164789278,
    114.16775615717508,
    17.171168229129027,
    -11.951265383963543,
    3.6735026513902143
  ],
  "(4, 7, 10, 14)": [
    140.6798027996108,
    -24.86125115273802,
    21.191609689023913,
    0.0,
    -14.361251152738022,
    46.65127777441898,
    -2.404155000906875,
    -2.4176556949396284
  ],
  "(4, 7, 11, 14)": [
    283.12368139579223,
    11.735382862187823,
    0.0,
    -1.6083903109760853,
    26.173824517612942,
    -1.6083903109760853,
    0.0,
    -23.644263528659344
  ],
  "(4, 7, 12, 14)": [
    0.0,
    -9.319173353481027,
    0.0,
    0.0,
    89.1578854182772,
    -15.0,
    0.0,
    -16.908390310976085
  ],
  "(4, 7, 12, 15)": [
    -23.644263528659344,
    -15.0,
    0.0,
    -23.060114528555737,
    -23.644263528659344,
    0.0,
    12.797476330414362,
    -19.908390310976085
  ],
  "(4, 7, 11, 15)": [
    -10.908390310976085,
    -15.0,
    0.0,
    0.0,
    -4.008390310976085,
    0.0,
    45.462152242144185,
    -16.908390310976085
  ],
  "(3, 7, 11, 15)": [
    9.374363754509858,
    0.0,
    -1.0083903109760854,
    -1.815503244522987,
    0.0,
    -13.908390310976085,
    35.31295228919084,
    0.0
  ],
  "(2, 7, 10, 15)": [
    0.0,
    3.6735026513902143,
    0.0,
    95.63312933837403,
    0.0,
    0.0,
    0.0,
    14.279471087377111
  ],
  "(2, 7, 10, 16)": [
    -14.479541876903529,
    2.087546498442914,
    113.42629102532484,
    38.562093716065235,
    -5.42280696397729,
    3.1135282991093227,
    15.141172376611351,
    -8.935146208598818
  ],
  "(2, 6, 10, 16)": [
    -23.471480896079537,
    10.015736471340654,
    -23.909265383963543,
    15.468802725046626,
    -15.0,
    55.95097887807971,
    265.3107760976643,
    -23.909265383963543
  ],
  "(3, 6, 10, 16)": [
    43.02789561340325,
    0.0,
    -15.0,
    -4.008390310976085,
    0.0,
    0.0,
    0.0,
    -15.0
  ],
  "(3, 7, 10, 16)": [
    31.273083342058847,
    -7.008390310976085,
    0.0,
    -5.681141463714108,
    -8.904063190581,
    0.0,
    0.0,
    -25.347868936336575
  ],
  "(2, 6, 11, 16)": [
    0.0,
    0.0,
    33.67706012690956,
    0.0,
    169.98415048375108,
    2.8916096890239147,
    0.0,
    0.0
  ],
  "(2, 6, 10, 15)": [
    49.59041252769044,
    393.5976811373471,
    52.47760723594534,
    34.5990433542581,
    19.396364059660087,
    124.82648405204253,
    0.0,
    0.0
  ],
  "(4, 8, 10, 15)": [
    -4.008390310976085,
    -32.85,
    -1.8478474410680932,
    -15.0,
    0.0,
    0.0,
    0.0,
    -10.008390310976084
  ],
  "(4, 8, 10, 16)": [
    -3.1995257740986798,
    -26.41301385063813,
    -7.008390310976085,
    -15.0,
    -25.5,
    -19.908390310976085,
    -7.008390310976085,
    -15.0
  ],
  "(4, 7, 10, 16)": [
    3.548829047352954,
    -15.0,
    0.0,
    0.0,
    0.0,
    0.0,
    -4.008390310976085,
    -25.5
  ],
  "(4, 7, 10, 15)": [
    30.201807269953626,
    0.0,
    5.891609689023914,
    -7.008390310976085,
    0.0,
    0.0,
    0.0,
    0.0
  ],
  "(3, 7, 10, 15)": [
    0.0,
    0.0,
    0.0,
    0.0,
    0.0,
    -9.909149010653282,
    196.37724877730147,
    0.0
  ],