{
  "(4, 8, 12, 16)": [
    -70.9226795022842,
    -92.52918094302221,
    -75.98089723718623,
    -95.9686691848402,
    -75.43820143026961,
    -75.79940719349854,
    341.96268411125675,
    -87.327
  ],
  "(3, 8, 12, 16)": [
    -21.918374781037627,
    -48.08221468139737,
    -42.82895265770242,
    -30.0,
    -28.744263528659346,
    -55.593851152738026,
    -28.744263528659346,
    -73.46095115273802
  ],
  "(4, 8, 11, 16)": [
    -30.844263528659344,
    -55.56526538396354,
    -28.744263528659346,
    -51.0,
    -21.918374781037627,
    -65.07552321730692,
    -28.744263528659346,
    -85.98793119088016
  ],
  "(4, 7, 11, 16)": [
    -13.908390310976085,
    -30.0,
    -7.008390310976085,
    -24.473655694939627,
    -7.008390310976085,
    -19.908390310976085,
    -13.908390310976085,
    -30.0
  ],
  "(4, 7, 11, 15)": [
    -5.440663503595903,
    0.0,
    -6.814263528659344,
    -16.908390310976085,
    0.0,
    0.0,
    0.0,
    0.0
  ],
  "(4, 6, 11, 15)": [
    0.0,
    -51.0,
    0.0,
    -13.908390310976085,
    0.0,
    -7.008390310976085,
    54.69252674438077,
    0.0
  ],
  "(4, 6, 12, 15)": [
    17.14655833500137,
    0.0,
    0.0,
    0.0,
    -3.765528912622888,
    -30.0,
    381.5583214006138,
    0.0
  ],
  "(4, 6, 11, 14)": [
    67.92373788785058,
    49.11226940926174,
    5.496790273040115,
    17.74927853961603,
    463.58014980447797,
    39.32176061086323,
    17.92047368009105,
    0.0
  ],
  "(4, 7, 11, 14)": [
    0.0,
    -14.616457931724627,
    180.2349519896298,
    0.0,
    0.0,
    9.34214699940382,
    -30.0,
    0.0
  ],
  "(4, 6, 10, 14)": [
    714.4339010687296,
    152.2018319722522,
    31.185050462434962,
    118.33708617006353,
    31.849316311331954,
    234.23072314271965,
    74.84841246705372,
    74.20623496890683
  ],
  "(3, 6, 10, 14)": [
    960.5736686676634,
    601.7485219516658,
    326.2144348932856,
    56.31966473495797,
    102.64152618215135,
    419.3051919714528,
    143.01663371168993,
    52.66963370860153
  ],
  "(4, 6, 10, 15)": [
    8.891609689023914,
    0.0,
    -43.5146970376337,
    -4.008390310976085,
    5.0450936091251775,
    0.0,
    169.83179668380515,
    0.0
  ],
  "(3, 6, 10, 15)": [
    0.0,
    13.376912651390215,
    0.0,
    14.137546674287126,
    -26.388233584124638,
    0.0,
    218.1500490656693,
    6.6723443050603715
  ],
  "(4, 7, 10, 15)": [
    0.0,
    -30.0,
    0.0,
    0.0,
    0.0,
    0.0,
    34.91504241255419,
    0.0
  ],
  "(4, 7, 10, 14)": [
    14.291609689023915,
    0.0,
    292.20129703786864,
    8.291609689023915,
    -22.5146970376337,
    16.775151757299287,
    0.0,
    5.418671140413546
  ],
  "(3, 7, 10, 14)": [
    30.35959123734672,
    0.0,
    31.67691265139021,
    11.291609689023915,
    -36.46029709301189,
    93.09187351871226,
    -21.44723358412464,
    2.9957180196634576
  ],
  "(3, 8, 10, 14)": [
    21.191609689023913,
    8.291609689023915,
    0.0,
    0.0,
    0.0,
    4.612806493821105,
    0.0,
    0.0
  ],
  "(2, 8, 10, 14)": [
    -32.824078595974676,
    17.01334430506037,
    185.91683998969637,
    0.0,
    -44.46826538396354,
    0.0,
    0.0,
    40.55354112480339
  ],
  "(4, 8, 10, 14)": [
    17.01334430506037,
    0.0,
    0.0,
    0.0,
    0.0,
    0.0,
    0.0,
    -7.008390310976085
  ],
  "(4, 8, 10, 15)": [
    -4.008390310976085,
    0.0,
    0.0,
    0.0,
    -51.0,
    0.0,
    0.0,
    -10.008390310976084
  ],
  "(4, 7, 12, 16)": [
    -28.744263528659346,
    -65.7,
    -25.351252657702425,
    -22.908390310976085,
    -28.744263528659346,
    -30.0,
    -37.029374781037625,
    -30.0
  ],
  "(4, 7, 12, 15)": [
    -38.56935717136778,
    -30.0,
    0.0,
    -19.908390310976085,
    0.0,
    -26.891187844459488,
    17.402030365619957,
    0.0
  ],
  "(3, 7, 12, 15)": [
    -4.008390310976085,
    -16.908390310976085,
    -4.008390310976085,
    -16.908390310976085,
    -20.6730648943434,
    0.0,
    27.10935350604799,
    -37.029374781037625
  ],
  "(3, 8, 12, 15)": [
    -4.769655694939628,
    -33.84426352865934,
    -13.908390310976085,
    -30.0,
    -13.025183260086859,
    0.0,
    -0.4094973486097851,
    -36.54652891262288
  ],
  "(2, 8, 12, 16)": [
    -30.0,
    -24.473655694939627,
    -0.9349791725232457,
    -30.0,
    -7.008390310976085,
    0.0,
    -7.008390310976085,
    0.0
  ],
  "(2, 8, 12, 15)": [
    0.0,
    0.0,
    -4.008390310976085,
    0.0,
    -4.008390310976085,
    0.0,
    8.291609689023915,
    0.0
  ],
  "(2, 8, 11, 15)": [
    0.0,
    -13.908390310976085,
    147.91240622003306,
    -28.409265383963543,
    5.891609689023914,
    -7.008390310976085,
    0.0,
    0.0
  ],
  "(2, 8, 10, 15)": [
    0.0,
    0.0,
    8.891609689023914,
    -18.164587393011892,
    0.0,
    0.0,
    91.65261299477984,
    0.0
  ],
  "(2, 7, 10, 14)": [
    -41.184423915109434,
    64.79302158913868,
    975.477822040667,
    27.723344305060373,
    0.0,
    14.291609689023915,
    -32.25240833551665,
    0.0
  ],
  "(2, 7, 10, 15)": [
    34.742650290034945,
    0.0,
    0.0,
    0.0,
    0.0,
    22.156363023273958,
    432.9391718121361,
    5.891609689023914
  ],
  "(2, 7, 10, 16)": [
    0.0,
    0.0,
    42.787941979628485,
    0.0,
    0.0,
    0.0,
    0.0,
    0.0
  ],
  "(2, 6, 10, 16)": [
    -20.61048825289912,
    37.365076551984764,
    0.0,
    0.0,
    0.0,
    0.0,
    416.2112412685177,
    -28.48513626874156
  ],
  "(2, 6, 10, 15)": [
    215.29717017399832,
    0.0,
    44.43887601959064,
    125.1386477531068,
    43.10070552296417,
    205.88855244050035,
    979.4111475024858,
    76.94767020383527
  ],
  "(2, 7, 11, 14)": [
    211.75585527117167,
    10.559591237346718,
    954.2577711237454,
    25.10435983499883,
    0.0,
    54.38557971228465,
    103.10486986164139,
    -1.0083903109760854
  ],
  "(2, 7, 11, 15)": [
    -13.427719636284722,
    -2.878731231570375,
    9.267542651390213,
    8.034195781838607,
    17.44437610489927,
    0.0,
    470.0211576519479,
    0.0
  ],
  "(2, 8, 11, 14)": [
    -29.36125115273802,
    2.3657364713406546,
    0.0,
    0.0,
    56.815336391029376,
    0.0,
    -21.321912235965375,
    -2.4176556949396284
  ],
  "(3, 8, 11, 15)": [
    23.77260451264867,
    -16.908390310976085,
    0.0,
    0.0,
    0.0,
    -16.908390310976085,
    0.0,
    -16.908390310976085
  ],
  "(3, 8, 11, 16)": [
    -7.008390310976085,
    -19.908390310976085,
    -13.908390310976085,
    0.0,
    0.0,
    -38.40952891262289,
    -13.85604811009494,
    0.0
  ],
  "(4, 8, 12, 15)": [
    -37.029374781037625,
    -54.151724217579655,
    -39.13370803646043,
    -30.0,
    -28.744263528659346,
    -53.72494119088016,
    543.0309132387745,
    -68.44949676819488
  ],
  "(4, 8, 12, 14)": [
    67.24994866459124,
    4.156319810336434,
    679.4889394610464,
    0.0,
    -1.6083903109760853,
    -30.0,
    0.0,
    -19.908390310976085
  ],
  "(4, 8, 11, 14)": [
    1.3916096890239145,
    0.0,
    0.0,
    -30.0,
    0.0,
    0.0,
    0.0,
    0.0
  ],
  "(3, 6, 12, 15)": [
    0.0,
    0.0,
    0.0,
    -33.98449490437073,
    -1.0083903109760854,
    -37.70461827594089,
    351.20946536238546,
    -2.322382950497374
  ],
  "(3, 6, 11, 15)": [
    8.891609689023914,
    0.0,
    -30.0,
    0.0,
    0.0,
    -4.008390310976085,
    435.55719275923906,
    -4.008390310976085
  ],
  "(3, 6, 11, 16)": [
    19.587894067015714,
    0.0,
    0.0,
    0.0,
    0.0,
    0.0,
    0.0,
    -27.29575115273802
  ],
  "(2, 6, 11, 16)": [
    -30.0,
    0.0,
    -30.0,
    -4.008390310976085,
    0.0,
    39.44103105927066,
    0.0,
    -49.400892212246305
  ],
  "(2, 7, 11, 16)": [
    0.0,
    0.0,
    15.99343328133895,
    0.0,
    0.0,
    0.0,
    8.369857896157995,
    0.0
  ],
  "(3, 8, 11, 14)": [
    28.320948428458664,
    -1.6083903109760853,
    0.0,
    0.0,
    0.0,
    0.0,
    0.0,
    -13.908390310976085
  ],